{
    "Algeria": "🇩🇿",
"Angola": "🇦🇴",
"Benin": "🇧🇯",
"Botswana": "🇧🇼",
"Burkina Faso": "🇧🇫",
"Burundi": "🇧🇮",
"Cabo Verde": "🇨🇻",
"Cameroon": "🇨🇲",
"Central African Republic": "🇨🇫",
"Chad": "🇹🇩",
"Comoros": "🇰🇲",
"Congo - Brazzaville": "🇨🇬",
"Congo - Kinshasa": "🇨🇩",
"Côte d'Ivoire": "🇨🇮",
"Djibouti": "🇩🇯",
"Egypt": "🇪🇬",
"Equatorial Guinea": "🇬🇶",
"Eritrea": "🇪🇷",
"Eswatini": "🇸🇿",
"Ethiopia": "🇪🇹",
"Gabon": "🇬🇦",
"Gambia": "🇬🇲",
"Ghana": "🇬🇭",
"Guinea": "🇬🇳",
"Guinea-Bissau": "🇬🇼",
"Kenya": "🇰🇪",
"Lesotho": "🇱🇸",
"Liberia": "🇱🇷",
"Libya": "🇱🇾",
"Madagascar": "🇲🇬",
"Malawi": "🇲🇼",
"Mali": "🇲🇱",
"Mauritania": "🇲🇷",
"Mauritius": "🇲🇺",
"Morocco": "🇲🇦",
"Mozambique": "🇲🇿",
"Namibia": "🇳🇦",
"Niger": "🇳🇪",
"Nigeria": "🇳🇬",
"Rwanda": "🇷🇼",
"Sao Tome and Principe": "🇸🇹",
"Senegal": "🇸🇳",
"Seychelles": "🇸🇨",
"Sierra Leone": "🇸🇱",
"Somalia": "🇸🇴",
"South Africa": "🇿🇦",
"South Sudan": "🇸🇸",
"Sudan": "🇸🇩",
"Tanzania": "🇹🇿",
"Togo": "🇹🇬",
"Tunisia": "🇹🇳",
"Uganda": "🇺🇬",
"Zambia": "🇿🇲",
"Zimbabwe": "🇿🇼",

"Antigua and Barbuda": "🇦🇬",
"Argentina": "🇦🇷",
"Bahamas": "🇧🇸",
"Barbados": "🇧🇧",
"Belize": "🇧🇿",
"Bolivia": "🇧🇴",
"Brazil": "🇧🇷",
"Canada": "🇨🇦",
"Chile": "🇨🇱",
"Colombia": "🇨🇴",
"Costa Rica": "🇨🇷",
"Cuba": "🇨🇺",
"Dominica": "🇩🇲",
"Dominican Republic": "🇩🇴",
"Ecuador": "🇪🇨",
"El Salvador": "🇸🇻",
"Grenada": "🇬🇩",
"Guatemala": "🇬🇹",
"Guyana": "🇬🇾",
"Haiti": "🇭🇹",
"Honduras": "🇭🇳",
"Jamaica": "🇯🇲",
"Mexico": "🇲🇽",
"Nicaragua": "🇳🇮",
"Panama": "🇵🇦",
"Paraguay": "🇵🇾",
"Peru": "🇵🇪",
"Saint Kitts and Nevis": "🇰🇳",
"Saint Lucia": "🇱🇨",
"Saint Vincent and the Grenadines": "🇻🇨",
"Suriname": "🇸🇷",
"Trinidad and Tobago": "🇹🇹",
"United States": "🇺🇸",
"Uruguay": "🇺🇾",
"Venezuela": "🇻🇪",

"Afghanistan": "🇦🇫",
"Armenia": "🇦🇲",
"Azerbaijan": "🇦🇿",
"Bahrain": "🇧🇭",
"Bangladesh": "🇧🇩",
"Bhutan": "🇧🇹",
"Brunei": "🇧🇳",
"Cambodia": "🇰🇭",
"China": "🇨🇳",
"Georgia": "🇬🇪",
"India": "🇮🇳",
"Indonesia": "🇮🇩",
"Iran": "🇮🇷",
"Iraq": "🇮🇶",
"Israel": "🇮🇱",
"Japan": "🇯🇵",
"Jordan": "🇯🇴",
"Kazakhstan": "🇰🇿",
"Kuwait": "🇰🇼",
"Kyrgyzstan": "🇰🇬",
"Laos": "🇱🇦",
"Lebanon": "🇱🇧",
"Malaysia": "🇲🇾",
"Maldives": "🇲🇻",
"Mongolia": "🇲🇳",
"Myanmar": "🇲🇲",
"Nepal": "🇳🇵",
"North Korea": "🇰🇵",
"Oman": "🇴🇲",
"Pakistan": "🇵🇰",
"Philippines": "🇵🇭",
"Qatar": "🇶🇦",
"Saudi Arabia": "🇸🇦",
"Singapore": "🇸🇬",
"South Korea": "🇰🇷",
"Sri Lanka": "🇱🇰",
"Syria": "🇸🇾",
"Taiwan": "🇹🇼",
"Tajikistan": "🇹🇯",
"Thailand": "🇹🇭",
"Timor-Leste": "🇹🇱",
"Turkey": "🇹🇷",
"Turkmenistan": "🇹🇲",
"United Arab Emirates": "🇦🇪",
"Uzbekistan": "🇺🇿",
"Vietnam": "🇻🇳",
"Yemen": "🇾🇪",

"Albania": "🇦🇱",
"Andorra": "🇦🇩",
"Austria": "🇦🇹",
"Belarus": "🇧🇾",
"Belgium": "🇧🇪",
"Bosnia and Herzegovina": "🇧🇦",
"Bulgaria": "🇧🇬",
"Croatia": "🇭🇷",
"Cyprus": "🇨🇾",
"Czechia": "🇨🇿",
"Denmark": "🇩🇰",
"Estonia": "🇪🇪",
"Finland": "🇫🇮",
"France": "🇫🇷",
"Germany": "🇩🇪",
"Greece": "🇬🇷",
"Hungary": "🇭🇺",
"Iceland": "🇮🇸",
"Ireland": "🇮🇪",
"Italy": "🇮🇹",
"Kosovo": "🇽🇰",
"Latvia": "🇱🇻",
"Liechtenstein": "🇱🇮",
"Lithuania": "🇱🇹",
"Luxembourg": "🇱🇺",
"Malta": "🇲🇹",
"Moldova": "🇲🇩",
"Monaco": "🇲🇨",
"Montenegro": "🇲🇪",
"Netherlands": "🇳🇱",
"North Macedonia": "🇲🇰",
"Norway": "🇳🇴",
"Poland": "🇵🇱",
"Portugal": "🇵🇹",
"Romania": "🇷🇴",
"San Marino": "🇸🇲",
"Serbia": "🇷🇸",
"Slovakia": "🇸🇰",
"Slovenia": "🇸🇮",
"Spain": "🇪🇸",
"Sweden": "🇸🇪",
"Switzerland": "🇨🇭",
"Ukraine": "🇺🇦",
"United Kingdom": "🇬🇧",
"Vatican City": "🇻🇦",
"Europe (EU)": "🇪🇺",

"Australia": "🇦🇺",
"Fiji": "🇫🇯",
"Kiribati": "🇰🇮",
"Marshall Islands": "🇲🇭",
"Micronesia": "🇫🇲",
"Nauru": "🇳🇷",
"New Zealand": "🇳🇿",
"Palau": "🇵🇼",
"Papua New Guinea": "🇵🇬",
"Samoa": "🇼🇸",
"Solomon Islands": "🇸🇧",
"Tonga": "🇹🇴",
"Tuvalu": "🇹🇻",
"Vanuatu": "🇻🇺",

"England": "🏴",
"Scotland": "🏴",
"Wales": "🏴",
"Hong Kong": "🇭🇰",
"Macau": "🇲🇴"
}



